 KST,Stammdaten Filialnetz Netz, BU, Status, Netzkennung, Gesellschaft, Straße, PLZ, Ort, Bundesland, Lat., Long., Tel. (Vor), Tel. (Ruf), Fax (Vor), Fax (Ruf), Mail, SCL, Tel. SCL, Region, RL, BL, VKL Heavy, VAD Heavy, KAM Heavy, KAM Light
D_137-01,02 - FRA,Mixed,geöffnet,,Gummi Berger Hans Berger GmbH & Co. KG.,Dieringhauser Straße 159,51645,Gummersbach,Nordrhein-Westfalen,"50,984041",7.517849,(02261),99040,(02261),990429,pb137-01@franchise.euromaster.com,Frank Meyer,,RL_07,"Franzen, Bernd","Blank, Michael",Mion,Legermann,Dünner,Mion
D_137-02,02 - FRA,Mixed,geöffnet,,Gummi Berger Hans Berger GmbH & Co. KG.,Melessen 5,51491,Overath-Obersteeg,Nordrhein-Westfalen,50.970588,7.260245,(02204),71051,(02204),73605,pb137-02@franchise.euromaster.com,Henning Schmiing,,RL_07,"Franzen, Bernd","Blank, Michael",Mion,Legermann,Dünner,Mion
D_137-05,02 - FRA,Mixed,geöffnet,,Gummi Berger Hans Berger GmbH & Co. KG.,Marconistraße 19,50769,Köln-Chorweiler,Nordrhein-Westfalen,51.034146,6.927886,(0221),9701179,(0221),9701181,pb137-05@franchise.euromaster.com,Michael Gies,,RL_07,"Franzen, Bernd","Blank, Michael",Mion,Legermann,Dünner,Mion
D_137-06,02 - FRA,Mixed,geöffnet,,Reifen Albrecht ZwNl. der Gummi Berger Hans Berger GmbH & Co. KG ,Lohdiecksweg 2a,59457,Werl,Nordrhein-Westfalen,51.567193,"7,915261",(02922),9114660,(02922),9114661,pb137-06@franchise.euromaster.com, ,,RL_07,"Franzen, Bernd","Blank, Michael",Mion,Pater,Dünner,Mion
D_137-07,02 - FRA,Mixed,geöffnet,,BM Reifendienst ZwNl. der Gummi Berger Hans Berger GmbH & Co. KG,Industriestraße 6,51545,Waldbröl,Nordrhein-Westfalen,50.885619,7.639555,(02291),4071,(02291),80618,pb137-07@franchise.euromaster.com,Andre Gerwers,,RL_07,"Franzen, Bernd","Blank, Michael",Mion,Legermann,Dünner,Mion
D_137-08,02 - FRA,Mixed,geöffnet,,Gummi Berger Hans Berger GmbH & Co. KG.,An der Schloßfabrik 29,42499,Hückeswagen,Nordrhein-Westfalen,"51,138652",7.350496,(02192),2666,(02192),6864,pb137-08@franchise.euromaster.com,Luigi Salcuni,,RL_07,"Franzen, Bernd","Blank, Michael",Mion,Warzocha,Dünner,Mion
D_137-09,02 - FRA,Mixed,geöffnet,,Gummi Berger Hans Berger GmbH & Co. KG.,Stauweiher 7,51645,Gummersbach,Nordrhein-Westfalen,51.004967,7.609547,(02261),51925,(02261),53334,pb137-09@franchise.euromaster.com,Jan Vankerkom,,RL_07,"Franzen, Bernd","Blank, Michael",Mion,Legermann,Dünner,Mion
D_137-10,02 - FRA,Mixed,geöffnet,,Gummi Berger Hans Berger GmbH & Co. KG.,Günsestraße 48,57462,Olpe,Nordrhein-Westfalen,"51,024872",7.854943,(02761),62298,(02761),6811,pb137-10@franchise.euromaster.com,Stefan Klever,,RL_07,"Franzen, Bernd","Blank, Michael",Mion,Bulut,Dünner,Mion
D_137-12,02 - FRA,Mixed,geöffnet,,Reifen Albrecht ZwNl. der Gummi Berger Hans Berger GmbH & Co. KG ,Dieselstraße 2,59823,Arnsberg,Nordrhein-Westfalen,"51,414953",8.049149,(02931),6849,,,pb137-12@franchise.euromaster.com,Rolf Tuschmann,,RL_07,"Franzen, Bernd","Blank, Michael",Mion,Pater,Dünner,Mion
D_156,02 - FRA,Heavy,geöffnet,,Werner Brüning GmbH,Lether Gewerbestraße 17,26197,Ahlhorn,Niedersachsen,52.898555,8.189664,(04435),96960,(04435),969621,pb156@franchise.euromaster.com,Horst Rolfes,,RL_02,"Nüßler, Martin","Blank, Michael",Schneider,Kemnitz,Steinmann,Reinekirchen
D_157,02 - FRA,Mixed,geöffnet,,Regina Stein Reifenhandel,Sonnenstraße 4-6,35329,Gemünden Felda,Hessen,50.684117,9.044824,(06634),8602,(06634),8600,pb157@franchise.euromaster.com,Regina Stein,,RL_05,"Seibel, Alexander","Blank, Michael",Mion,Bulut,Dünner,Mion
D_961-01,02 - FRA,Mixed,geöffnet,,Reifen Meyer GmbH,Lilienthalstraße 12-14,66740,Saarlouis,Saarland,49.310312,6.734912,(06831),949850,(06831),949853299,pb961-01@franchise.euromaster.com,Sonja Koch,,RL_11,"Kin, Nazaret","Erdmann, Ronny",Mion,Hackbarth,Dünner,Mion
D_163,02 - FRA,Light,geöffnet,,Hopp & Paulsen Reifen- und Autoservice GmbH,Landkirchener Weg 53,23769,Burg Auf Fehmarn,Schleswig-Holstein,54.442807,11.182621,(04371),4074,(04371),87011,pb163@franchise.euromaster.com,"Jan-Peter Hopp, Ralf Paulsen",,RL_01,"Witt, Ronald","Blank, Michael",Schneider,Uterhardt,Steinmann,Reinekirchen
D_171-01,02 - FRA,Mixed,geöffnet,,WW Logistk GmbH,Dieselstraße 1-3,56422,Wirges,Rheinland-Pfalz,50.467863,7.807141,(02602),1061780,(02602),1061789,pb171-01@franchise.euromaster.com,Yavuz Koca,,RL_09,"Bornkessel, Daniel","Erdmann, Ronny",Mion,Hackbarth,Dünner,Mion
D_171-02,02 - FRA,Mixed,geöffnet,,WW Logistk GmbH,Jahnstraße 5a,56470,Bad Marienberg,Rheinland-Pfalz,50.656734,7.956978,(02661),981820,(02661),9818229,pb171-02@franchise.euromaster.com,Agim Adili,,RL_09,"Bornkessel, Daniel","Erdmann, Ronny",Mion,Hackbarth,Dünner,Mion
D_173,02 - FRA,Light,geöffnet,,Autozentrum Niesky GmbH,Am Bahnhof 5,02906,Niesky,Sachsen,51.298689,14.828737,(03588),258558,(03588),258459,pb173@franchise.euromaster.com,Armin Menzel,,RL_03,"Abram, Marcus","Blank, Michael",Schneider,Scola,Woydelko,Woydelko
D_175,02 - FRA,Light,geöffnet,,Autohaus Mühlenhort GmbH,Rüggower Weg 6,23970,Kritzow,Mecklenburg-Vorpommern,53.889642,11.535947,(03841),220227,(0911),3084494944,pb175@franchise.euromaster.com,Matthias Neumann,,RL_03,"Abram, Marcus","Blank, Michael",Schneider,Uterhardt,Steinmann,Reinekirchen
D_177,02 - FRA,Light,geöffnet,,Dehnbostel KG,Celler Str. 169,29614,Soltau,Niedersachsen,"52,964621","9,856963",(05191),928180,,,pb177@franchise.euromaster.com,Jens Dehnbostel,,RL_02,"Nüßler, Martin","Blank, Michael",Schneider,Kemnitz,Steinmann,Reinekirchen
D_179,02 - FRA,Light,geöffnet,,Pneumaster GmbH,Daimlerstraße 10,71636,Ludwigsburg,Baden-Württemberg,48.889592,9.171579,(07141),460533,(07141),460558,pb179@franchise.euromaster.com,Zeljko Takac,,RL_12,"Willmann, Sascha","Erdmann, Ronny",Mion,Burger,Seiler,Morina
D_189,02 - FRA,Light,geöffnet,,Autohaus Gierten GmbH,Schneiderstr. 16,40764,Langenfeld,Nordrhein-Westfalen,50.922189,6.956742,(02173),90630,(04421),5070810,pb189@franchise.euromaster.com,Michael Esser,,RL_08,"Girzycki, Damian","Erdmann, Ronny",Mion,Warzocha,Dünner,Mion
D_216,02 - FRA,Light,geöffnet,,KFZ Technik Zentrum Lage,Triftenstr. 74,32791,Lage,Nordrhein-Westfalen,51.990768,8.811828,(05232),3213,(05232),18348,pb216@franchise.euromaster.com,Süleyman Dönmez,,RL_04,"Bernsmeier, Olaf","Blank, Michael",Mion,Otte,Steinmann,Reinekirchen
D_221,02 - FRA,Light,geöffnet,,SB Reifenservice Sergej Burduzan,Rodenbecker Str. 60,32427,Minden,Nordrhein-Westfalen,"52,286081",8.900476,(0571),82945300,(0571),82945301,pb221@franchise.euromaster.com,Sergej Burduzan,,RL_04,"Bernsmeier, Olaf","Blank, Michael",Mion,Otte,Steinmann,Reinekirchen
D_223,02 - FRA,Mixed,geöffnet,,Auto-Kompetenz-Center Dreisbach e.K.,Wisbyring 10,59494,Soest,Nordrhein-Westfalen,51.564439,8.099246,(02921),36130,(02921),361322,pb223@franchise.euromaster.com,Christian Dreisbach,,RL_04,"Bernsmeier, Olaf","Blank, Michael",Mion,Pater,Dünner,Mion
D_224,02 - FRA,Mixed,geöffnet,,LCM Lausitzer Container & Metall GmbH,Gewerbestraße 6a,01983,Großräschen,Brandenburg,51.578418,14.031013,(035753),26130,(035753),261357,pb224@franchise.euromaster.com,Doreen Hamann,,RL_03,"Abram, Marcus","Blank, Michael",Schneider,Scola,Woydelko,Woydelko
D_227,02 - FRA,Light,geöffnet,,Reifen+Autoservice Oliver Howe,Friedrich-Wöhler-Straße 47,24536,Neumünster,Schleswig-Holstein,"54,102362",9.984644,(04321),51091,(04321),54100,pb227@franchise.euromaster.com,Oliver Howe,,RL_01,"Witt, Ronald","Blank, Michael",Schneider,Uterhardt,Steinmann,Reinekirchen
D_229,02 - FRA,Mixed,geöffnet,,SRT Schreiber,Bei den Froschäckern 2,99098,Erfurt,Thüringen,50.978158,11.124844,(0361),26290735,(0361),26290737,pb229@franchise.euromaster.com,Dirk Schreiber,,RL_05,"Seibel, Alexander","Blank, Michael",Schneider,Hundeshagen,Woydelko,Woydelko
D_230,02 - FRA,Mixed,geöffnet,,Reifenservice Quirmbach eK,Gewerbestr. 19,66482,Zweibrücken,Rheinland-Pfalz,49.254999,7.384254,(06332),18608,(06332),906587,pb230@franchise.euromaster.com,Martin Quirmbach,,RL_11,"Kin, Nazaret","Erdmann, Ronny",Mion,Hackbarth,Dünner,Mion
D_232,02 - FRA,Light,geöffnet,,Auto-Bottke GmbH,Braunschweiger Tor 6-7,38350,Helmstedt,Niedersachsen,52.229385,"10,999212",(05351),58810,(05351),5881 88,pb232@franchise.euromaster.com,Christian Bottke,,RL_06,"Duvigneau, Stephan","Blank, Michael",Schneider,Kemnitz,Steinmann,Reinekirchen
D_682,02 - FRA,Light,geöffnet,,AutoServiceZentrum Germania GmbH,Jahnstr. 54,73037,Göppingen,Baden-Württemberg,"48,698461","9,653427",(07161),69031,(07161),14742,pb682@franchise.euromaster.com,Samir Shatri,,RL_13,"Ehrlinger, Steffen","Erdmann, Ronny",Schneider,Hampel,Seiler,Morina
D_269,02 - FRA,Light,geöffnet,,Fahrzeug-Service-Heuzeroth,Rosenstr. 6,63579,Freigericht,Hessen,50.148198,9.111509,(06055),8820596,,,pb269@franchise.euromaster.com,Christian Heuzeroth,,RL_10,"Teige, Eric","Erdmann, Ronny",Mion,Bulut,Dünner,Mion
D_276,02 - FRA,Light,geöffnet,,Auto-Seeger GmbH,Königsbergerstraße 1,64354,Reinheim,Hessen,"49,820361",8.830106,(06162),3381,(06162),6381,pb276@franchise.euromaster.com,Alexander Seeger,,RL_10,"Teige, Eric","Erdmann, Ronny",Mion,Bulut,Dünner,Mion
D_278,02 - FRA,Light,geöffnet,,R.S.B. Meisterwerkstatt,Segeberger Str. 16,23863,Kayhude,Schleswig-Holstein,53.751531,"10,127462",(040),83983474,(040),98269430,pb278@franchise.euromaster.com,,,RL_01,"Witt, Ronald","Blank, Michael",Schneider,Uterhardt,Steinmann,Reinekirchen
D_292,02 - FRA,Light,geöffnet,,Auto Minor e.K.,Im Längeln 5,56357,Miehlen,Rheinland-Pfalz,50.214616,7.844935,(06772),1633,(06772),2774,pb292@franchise.euromaster.com,Rudolf Minor,,RL_09,"Bornkessel, Daniel","Erdmann, Ronny",Mion,Hackbarth,Dünner,Mion
D_296-01,02 - FRA,Light,geöffnet,,Autohaus Katz KG,Pforzheimerstr.17,76227,Karlsruhe,Baden-Württemberg,"49,003285","8,466888",(0721),403058,(0721),403106,pb296-01@franchise.euromaster.com,Fritz Katz,,RL_11,"Kin, Nazaret","Erdmann, Ronny",Mion,Mis,Seiler,Morina
D_302,02 - FRA,Light,geöffnet,,CarPaint GmbH,Max von Laue Weg 7b,38448,Wolfsburg,Niedersachsen,52.424309,10.866893,(05363),8107910,(05363),8107912,pb302@franchise.euromaster.com,Jens Pesel,,RL_06,"Duvigneau, Stephan","Blank, Michael",Schneider,Kemnitz,Steinmann,Reinekirchen
D_393,02 - FRA,Light,geöffnet,,Autofit Farge GmbH,Claus von Lübken Str. 19,28777,Bremen,Bremen,"53,204692","8,533179",(0421),9884045,(0421),9884046,pb393@franchise.euromaster.com,Dennis Beller ,,RL_02,"Nüßler, Martin","Blank, Michael",Mion,Hedemann,Steinmann,Reinekirchen
D_397-01,02 - FRA,Light,geöffnet,,Heinemann Gruppe GmbH,Otto-von-Guericke-Str. 2c,38855,Wernigerode,Sachsen-Anhalt,51.848472,10.813128,(03943),553110,(03943),553229,pb397-01@franchise.euromaster.com,Steffi Heinemann,,RL_06,"Duvigneau, Stephan","Blank, Michael",Schneider,Kemnitz,Steinmann,Reinekirchen
D_397-02,02 - FRA,Light,geöffnet,,Heinemann Gruppe GmbH,Gesellensteig 39,38229,Salzgitter,Niedersachsen,52.166713,10.357659,(05341),888110,(05341),888140,pb397-02@franchise.euromaster.com,Marc Heinemann,,RL_06,"Duvigneau, Stephan","Blank, Michael",Schneider,Kemnitz,Steinmann,Reinekirchen
D_445,02 - FRA,Light,geöffnet,,Autoservice Valder UG,Rastenweg 7,53489,Sinzig,Rheinland-Pfalz,50.545475,7.267092,(02642),994096,(02642),994098,pb445@franchise.euromaster.com,Peter Valder,,RL_09,"Bornkessel, Daniel","Erdmann, Ronny",Mion,Legermann,Dünner,Mion
D_489,02 - FRA,Light,geöffnet,,Auto Schulte GmbH,Lankumer Ring 12-14,49661,Cloppenburg,Niedersachsen,"52,839508","8,065912",(04471),9170,(04471),917172,pb489@franchise.euromaster.com,Simon Haring,,RL_02,"Nüßler, Martin","Blank, Michael",Schneider,Hedemann,Steinmann,Reinekirchen
D_613,02 - FRA,Light,geöffnet,,Karosseriebau Heinz GmbH & Co. KG,Schulweg 40,26532,Großheide,Niedersachsen,"53,566645","7,355024",(04936),990791,(04936),990793,pb613@franchise.euromaster.com,Otto Heinz,,RL_02,"Nüßler, Martin","Blank, Michael",Schneider,Kemnitz,Steinmann,Reinekirchen
D_677,02 - FRA,Light,geöffnet,,JT Garage GmbH,Sankt-Florian -Str. 8,55252,Mainz-Kastel,Hessen,50.023261,8.271074,(0156),78653419,,,pb677@franchise.euromaster.com,Florian Haug,,RL_10,"Teige, Eric","Erdmann, Ronny",Mion,Hackbarth,Dünner,Mion
D_678,02 - FRA,Light,geöffnet,,Autohaus Nothhelfer GmbH & Co.KG,Balinger Str. 125,78628,Rottweil,Baden-Württemberg,48.179156,8.632901,(0741),53560,(0741),535656,pb678@franchise.euromaster.com,Peter Fischer-Nothhelfer,,RL_14,"Vogler, Daniel","Erdmann, Ronny",Schneider,Hampel,Seiler,Morina
D_683,02 - FRA,Light,geöffnet,,Friebe-Autoteile-Fachmarkt,Emil-Mechau-Str. 2,38723,Seesen,Niedersachsen,51.879411,10.155814,(05381),3151,(05381),3152,pb683@franchise.euromaster.com,Andreas Frank,,RL_06,"Duvigneau, Stephan","Blank, Michael",Schneider,Kemnitz,Steinmann,Reinekirchen
D_716,02 - FRA,Light,geöffnet,,Autohaus Steinke GmbH,Am Bahnhof 6,59823,Arnsberg,Nordrhein-Westfalen,51.393012,8.133726,(02937),6496,(02937),2535,pb716@franchise.euromaster.com,Marcel Grote,,RL_07,"Franzen, Bernd","Blank, Michael",Mion,Pater,Dünner,Mion
D_726,02 - FRA,Light,geöffnet,,AMS Reese GmbH,Carl-Zeiss-Str.6,97424,Schweinfurt,Bayern,50.036434,10.233893,(09721),77310,,,pb726-01@franchise.euromaster.com,Robert Erhard,,RL_05,"Seibel, Alexander","Blank, Michael",Schneider,N.N.,Seiler,Morina
D_729,02 - FRA,Light,geöffnet,,Autoservice Weiß,Gerolsteinertraße 47,54570,Pelm,Rheinland-Pfalz,50.224535,6.677895,(06591),608,(06591),8364,pb729@franchise.euromaster.com,,,RL_09,"Bornkessel, Daniel","Erdmann, Ronny",Mion,Legermann,Dünner,Mion
D_741,02 - FRA,Light,geöffnet,,Auto Fuchs,Dr.-Pfannenstiel-Str. 4,93128,Regenstauf,Bayern,49.110454,12.123917,(09402),780280,(09402),780069,pb741@franchise.euromaster.com,Schulze Steven,,RL_15,"Schleger, Michael","Erdmann, Ronny",Schneider,Geier,Seiler,Morina
D_750,02 - FRA,Light,geöffnet,,Frahnow GmbH,Limberger Str. 2,03044,Cottbus,Brandenburg,51.780638,14.318812,(0355),2901320,(0355),29013299,pb750@franchise.euromaster.com,Oliver Otto,,RL_03,"Abram, Marcus","Blank, Michael",Schneider,Kloy,Woydelko,Woydelko
D_761,02 - FRA,Light,kein Business routen,,Automobile Zeitz GmbH,Stephanstraße 44,06712,Zeitz,Sachsen-Anhalt,51.049388,12.125932,(03441),219928,,,pb761@franchise.euromaster.com,,,RL_05,"Seibel, Alexander","Blank, Michael",Schneider,Scola,Woydelko,Woydelko
D_764,02 - FRA,Light,geöffnet,,GGR Performance,Laugnastraße 52,86637,Wertingen,Bayern,"48,549981","10,685972",(08272),9999-0,,,pb764@franchise.euromaster.com,,,RL_13,"Ehrlinger, Steffen","Erdmann, Ronny",Schneider,N.N.,Seiler,Morina
D_775-01,02 - FRA,Light,geöffnet,,Autohaus Sorg GmbH,Lorcherstr. 38,73547,Lorch,Baden-Württemberg,48.790565,9.643771,(07172),926440,,,pb775-01@franchise.euromaster.com,Tobias Sorg,,RL_13,"Ehrlinger, Steffen","Erdmann, Ronny",Schneider,Hampel,Seiler,Morina
D_775-02,02 - FRA,Light,geöffnet,,Autohaus Sorg GmbH,Lorcherstr. 38,73525,Schwäbisch-Gmünd,Baden-Württemberg,48.798925,9.766157,(07171),9098280,,,pb775-02@franchise.euromaster.com,Markus Sorg,,RL_13,"Ehrlinger, Steffen","Erdmann, Ronny",Schneider,Hampel,Seiler,Morina
D_777,02 - FRA,Light,geöffnet,,Autoservice Güstrow GmbH,Wolfskrögen 5,18273,Güstrow,Mecklenburg-Vorpommern,"53,812965","12,189887",(03843),216161,(03843),216162,pb777@franchise.euromaster.com,Reik Hett,,RL_03,"Abram, Marcus","Blank, Michael",Schneider,Pahnke,Woydelko,Woydelko
D_866,02 - FRA,Mixed,geöffnet,,Hammes Reifen- und Autoservice e. K.,August-Horch-Straße 2,56759,Kaisersesch,Rheinland-Pfalz,50.233919,7.152051,(02653),3538,(02653),6414,pb866@franchise.euromaster.com,Otmar Hammes,,RL_09,"Bornkessel, Daniel","Erdmann, Ronny",Mion,Hackbarth,Dünner,Mion
D_867,02 - FRA,Light,geöffnet,,Waldmüller Reifen und Autoservice GmbH & Co.KG,Bajuwarenstr. 1,85095,Denkendorf,Bayern,48.933615,11.466531,(08466),905331,(08466),905332,pb867@franchise.euromaster.com,"Florian Waldmüller, Thomas Waldmülle",,RL_15,"Schleger, Michael","Erdmann, Ronny",Schneider,N.N.,Seiler,Morina
D_874-01,02 - FRA,Mixed,geöffnet,,Reifen Kotinsky GmbH & Co. KG,Alte Andernacher Straße,56637,Plaidt,Rheinland-Pfalz,50.398574,7.393974,(02632),95430,(02632),954318,pb874-01@franchise.euromaster.com,Otwin Jäger,,RL_09,"Bornkessel, Daniel","Erdmann, Ronny",Mion,Hackbarth,Dünner,Mion
D_874-02,02 - FRA,Mixed,geöffnet,,Reifen Kotinsky GmbH & Co. KG,Füllscheuer 9-11,56626,Andernach,Rheinland-Pfalz,50.432704,7.414621,(02632),4762229,(02632),46354,pb874-02@franchise.euromaster.com,Christoph Kotinsky ,,RL_09,"Bornkessel, Daniel","Erdmann, Ronny",Mion,Hackbarth,Dünner,Mion
D_874-03,02 - FRA,Light,geöffnet,,Reifen Kotinsky GmbH & Co. KG,Im Rosenacker 13,56338,Braubach,Rheinland-Pfalz,50.284349,7.630884,(02627),971450,(02627),9714515,pb874-03@franchise.euromaster.com,"Oliver Kotinsky, Nicolai Kotinsky",,RL_09,"Bornkessel, Daniel","Erdmann, Ronny",Mion,Hackbarth,Dünner,Mion
D_874-04,02 - FRA,Mixed,geöffnet,,Reifen Kotinsky GmbH & Co. KG,Von-Kuhl-Straße 5-7,56070,Koblenz,Rheinland-Pfalz,50.378769,7.579169,(0261),889320,(0261),8893222,pb874-04@franchise.euromaster.com,Robert Hilgert,,RL_09,"Bornkessel, Daniel","Erdmann, Ronny",Mion,Hackbarth,Dünner,Mion
D_875,02 - FRA,Mixed,geöffnet,,Autocenter Enders GmbH,Gewerbepark 1,84577,Tüßling,Bayern,48.213552,"12,58966",(08633),5074530,(08633),5074535,pb875@franchise.euromaster.com,Martin Enders,,RL_15,"Schleger, Michael","Erdmann, Ronny",Schneider,Geier,Seiler,Morina
D_879,02 - FRA,Light,geöffnet,,Reifen & Offroad Center Bremen,Bergfeldstr.4,28279,Bremen,Bremen,53.048038,8.843947,(0421),533536,(0421),8789281,pb879@franchise.euromaster.com,Michael Freytag,,RL_02,"Nüßler, Martin","Blank, Michael",Mion,Hedemann,Steinmann,Reinekirchen
D_880,02 - FRA,Light,geöffnet,,"Christian Kautz, Autoteile e.K.",Hannoversche Heerstraße 94,29227,Celle,Niedersachsen,52.603433,10.070877,(05141),984242,(05141),984244,pb880@franchise.euromaster.com,Christian Kautz,,RL_06,"Duvigneau, Stephan","Blank, Michael",Schneider,Kemnitz,Steinmann,Reinekirchen
D_882,02 - FRA,Light,geöffnet,,Rad und Reifen Center Haselier GmbH,Ottostraße 23,52511,Geilenkirchen,Nordrhein-Westfalen,50.975311,6.100599,(02451),4845790 91,(02451),482633,pb882@franchise.euromaster.com,Niko Haselier,,RL_08,"Girzycki, Damian","Erdmann, Ronny",Mion,Legermann,Dünner,Mion
D_884,02 - FRA,Light,geöffnet,,Autohaus Hirsch,Mühlweg 11,74523,Schwäbisch Hall,Baden-Württemberg,"49,101062",9.747533,(0791),3044,(0791),41024,pb884@franchise.euromaster.com,,,RL_13,"Ehrlinger, Steffen","Erdmann, Ronny",Mion,Burger,Seiler,Morina
D_885,02 - FRA,Light,geöffnet,,Langenbacher GmbH,Dickenhardtstraße 73,78054,Villingen-Schwenningen,Baden-Württemberg,"48,052661",8.517781,(07720),30010,(07720),9949140,pb885@franchise.euromaster.com,Thomas Langenbacher & Maximilian Langenbacher,,RL_14,"Vogler, Daniel","Erdmann, Ronny",Schneider,Hampel,Seiler,Morina
D_887,02 - FRA,Light,geöffnet,,Reifen & Autoservice Tucholke OHG,Chemnitzer Straße 15,14612,Falkensee,Brandenburg,"52,548212","13,106331",(03322),215658,(03322),217299,pb887@franchise.euromaster.com,"Kathrin Tucholke, Enrico Tucholke",,RL_03,"Abram, Marcus","Blank, Michael",Schneider,Kloy,Woydelko,Woydelko
D_888,02 - FRA,Light,geöffnet,,Evro Bus GmbH,Witz-Leben-Straße 2,69469,Weinheim,Baden-Württemberg,49.546159,8.660946,(06201),17214,(0621),7481261,pb888@franchise.euromaster.com,Wilhelm Rutz,,RL_10,"Teige, Eric","Erdmann, Ronny",Mion,Mis,Seiler,Morina
D_889,02 - FRA,Mixed,geöffnet,,Ertugrul Özsevgec Reifenservice,Birlenbacher Hütte 20,57078,Siegen,Nordrhein-Westfalen,50.907589,8.012131,(0271),236510,,,pb889@franchise.euromaster.com,Ismet Özsevgeç,,RL_07,"Franzen, Bernd","Blank, Michael",Mion,Bulut,Dünner,Mion
D_891,02 - FRA,Mixed,geöffnet,,Reifen & Autoservice Bernd Stroink GmbH,Brägeler Forst 1,49393,Lohne,Niedersachsen,"52,682713","8,270834",(04442),739503,(04442),739504,pb891@franchise.euromaster.com,Bernd Stroink,,RL_02,"Nüßler, Martin","Blank, Michael",Schneider,Hedemann,Steinmann,Reinekirchen
D_895,02 - FRA,Light,geöffnet,,SMG Car,Kornkamp 6,22926,Ahrensburg,Schleswig-Holstein,53.682517,10.258236,(04102),9759925,,,pb895@franchise.euromaster.com,Sadok Ben Abdelaziz Jebli,,RL_01,"Witt, Ronald","Blank, Michael",Schneider,Uterhardt,Steinmann,Reinekirchen
D_896,02 - FRA,Light,geöffnet,,BB Die Autowerkstatt GmbH,Talstr. 1-3,56316,Raubach,Rheinland-Pfalz,50.568119,7.627631,(0268),49149900,,,pb896@franchise.euromaster.com,Julian Schrader und Andrej Seidel,,RL_07,"Franzen, Bernd","Blank, Michael",Mion,Hackbarth,Dünner,Mion
D_897,02 - FRA,Mixed,geöffnet,,Reifen-Center Vogt GmbH & Co. KG,Kasseler Landstraße 16,37213,Witzenhausen,Hessen,"51,327592",9.849937,(05542),911525,(05542),911527,pb897@franchise.euromaster.com,Daniela Vogt-Wiesendorf,,RL_05,"Seibel, Alexander","Blank, Michael",Schneider,Kemnitz,Steinmann,Reinekirchen
D_901,02 - FRA,Light,geöffnet,,Schmidt & Schmidt GbR,Emil-Berliner-Str. 29,30851,Langenhagen,Niedersachsen,52.516181,13.376935,(0511),47577433,(0511),47577432,pb901@franchise.euromaster.com,,,RL_06,"Duvigneau, Stephan","Blank, Michael",Schneider,Kemnitz,Steinmann,Reinekirchen
D_903,02 - FRA,Light,geöffnet,,Autoservice Zivkovic,Maybachstraße 3,38259,Salzgitter,Niedersachsen,"52,056743","10,381021",(05341),392577,(05341),395301,pb903@franchise.euromaster.com,Mija Zivkovic,,RL_06,"Duvigneau, Stephan","Blank, Michael",Schneider,Kemnitz,Steinmann,Reinekirchen
D_905,02 - FRA,Light,geöffnet,,Fahrzeug Service Unverzagt,Baslerstr. 92,79115,Freiburg,Baden-Württemberg,"47,984952",7.825075,(0761),42388,(0761),441089,pb905@franchise.euromaster.com,,,RL_14,"Vogler, Daniel","Erdmann, Ronny",Mion,Mis,Seiler,Morina
D_906,02 - FRA,Mixed,geöffnet,,Reifen & Auto Service Lindenberg,Bernburger Straße 13a,39418,Staßfurt,Sachsen-Anhalt,51.842917,11.603695,(03925),382838,(03925),382827,pb906@franchise.euromaster.com,Lutz Lindenberg,,RL_06,"Duvigneau, Stephan","Blank, Michael",Schneider,Scola,Woydelko,Woydelko
D_908-01,02 - FRA,Mixed,geöffnet,,Mülot Autotechnik Reifen GmbH & Co.KG,Marienstraße 34,19386,Lübz,Mecklenburg-Vorpommern,53.468422,12.030531,(038731),5150,(038731),51555,pb908-01@franchise.euromaster.com,Kai-Uwe Mülot,,RL_03,"Abram, Marcus","Blank, Michael",Schneider,Pahnke,Woydelko,Woydelko
D_908-02,02 - FRA,Mixed,geöffnet,,Mülot Autotechnik Reifen GmbH & Co.KG,Warliner Straße 6,17034,Neubrandenburg,Mecklenburg-Vorpommern,53.564001,13.293013,(0395),4226611,(0395),4226613,pb908-02@franchise.euromaster.com,Jens Adam,,RL_03,"Abram, Marcus","Blank, Michael",Schneider,Pahnke,Woydelko,Woydelko
D_908-07,02 - FRA,Mixed,geöffnet,,Mülot Autotechnik Reifen GmbH & Co.KG,Jasminstraße 25,23795,Bad Segeberg,Schleswig-Holstein,53.923887,10.316395,(04551),95000,(04551),968661,pb908-07@franchise.euromaster.com,Dirk Dencker,,RL_03,"Abram, Marcus","Blank, Michael",Schneider,Uterhardt,Steinmann,Reinekirchen
D_909,02 - FRA,Mixed,geöffnet,,Hermann Bunte Auto-Elektrik GmbH,Gutshofstraße 98,26871,Papenburg,Niedersachsen,53.063481,7.414334,(04961),89294,(04961),89242,pb909@franchise.euromaster.com,Lars Bunte,,RL_02,"Nüßler, Martin","Blank, Michael",Schneider,Kemnitz,Steinmann,Reinekirchen
D_917,02 - FRA,Heavy,geöffnet,,Pascher Nutzfahrzeugreifen GmbH,Bockschützstraße 16,83646,Bad Tölz,Bayern,47.756015,11.555744,(08041),71147,(08041),7999086,pb917@franchise.euromaster.com,Josef Pascher,,RL_14,"Vogler, Daniel","Erdmann, Ronny",Schneider,N.N.,Seiler,Morina
D_929,02 - FRA,Heavy,geöffnet,,R+R Reifen und Räder Handelsgesellschaft mbH,Johann-Vaillant-Straße 6,40721,Hilden,Nordrhein-Westfalen,51.168989,6.915968,(02103),9070330,(02103),9070310,pb929@franchise.euromaster.com,Dirk Retzlaff,,RL_08,"Girzycki, Damian","Erdmann, Ronny",Mion,Warzocha,Dünner,Mion
D_930,02 - FRA,Light,geöffnet,,Sevgi Atabay Autocenter,Tecklenburger Damm 109,49479,Ibbenbüren,Nordrhein-Westfalen,52.260166,"7,727263",(05451),4998780,(05451),4998781,pb930@franchise.euromaster.com,Ali Ihsan Atabay,,RL_02,"Nüßler, Martin","Blank, Michael",Schneider,Hedemann,Steinmann,Reinekirchen
D_931,02 - FRA,Light,geöffnet,,R+R Reifen und Räder GmbH & Co. KG,Auf dem Sand 41,40721,Hilden,Nordrhein-Westfalen,"51,174681",6.918262,(02103),36900,(02103),361821,pb931@franchise.euromaster.com,Lutz Hillmann,,RL_08,"Girzycki, Damian","Erdmann, Ronny",Mion,Warzocha,Dünner,Mion
D_940,02 - FRA,Light,geöffnet,,Cartec-24 Apolda GmbH & Co.KG,Erfurter Straße 109,99510,Apolda,Thüringen,51.023461,"11,494341",(03644),8207000,(03644),8207008,pb940@franchise.euromaster.com,Folke Gütler,,RL_05,"Seibel, Alexander","Blank, Michael",Schneider,Hundeshagen,Woydelko,Woydelko
D_947,02 - FRA,Light,geöffnet,,MH Auto-u. Motorradtechnik GmbH,Berliner Ring 15,64625,Bensheim,Hessen,49.669721,8.607948,(06251),8697626,(06251),8697625,pb947@franchise.euromaster.com,Michael Hansen,,RL_10,"Teige, Eric","Erdmann, Ronny",Mion,Bulut,Dünner,Mion
D_950,02 - FRA,Light,geöffnet,,Kfz Frömling Lasczyk und Weishaupt GbR,Jahnstr. 13,58455,Witten,Nordrhein-Westfalen,"48,448606","12,570674",(02302),56835,,,pb950@franchise.euromaster.com,Michel Weishaupt,,RL_07,"Franzen, Bernd","Blank, Michael",Mion,Pater,Dünner,Mion
D_955,02 - FRA,Light,geöffnet,,Bosch Car Service Daube,Brauerstrasse 20,21244,Buchholz,Niedersachsen,"53,354271","9,873271",(04181),6811,(04181),9091087,pb955@franchise.euromaster.com,,,RL_01,"Witt, Ronald","Blank, Michael",Schneider,Uterhardt,Steinmann,Reinekirchen
D_966,02 - FRA,Light,geöffnet,,Reifen & KFZ Service Rother,Ulrich-Schalk-Straße 7,91056,Erlangen,Bayern,49.588212,10.974053,(09131),750870,(09131),7508722,pb966@franchise.euromaster.com,Stefan Rother,,RL_13,"Ehrlinger, Steffen","Erdmann, Ronny",Schneider,N.N.,Seiler,Morina
D_969,02 - FRA,Mixed,geöffnet,,Reifen M. Fastner GmbH,An der Eisenschmelze 23,87527,Sonthofen,Bayern,47.522035,10.275521,(08321),674610,(08321),674620,pb969@franchise.euromaster.com,Martin Fastner,,RL_14,"Vogler, Daniel","Erdmann, Ronny",Schneider,N.N.,Seiler,Morina
D_973,02 - FRA,Mixed,geöffnet,,Reifen-Service-Center Rest GmbH,Lenggrieser Straße 50,83646,Bad Tölz,Bayern,47.750688,11.562121,(08041),782430,(08041),7824322,pb973@franchise.euromaster.com,Johann Rest,,RL_14,"Vogler, Daniel","Erdmann, Ronny",Schneider,N.N.,Seiler,Morina
D_980,02 - FRA,Light,geöffnet,,Autohaus Gallersdörfer GmbH & Co.KG,Neumarkter Str. 4,84140,Gangkofen,Bayern,48.448606,12.570674,(08722),96220,(08722),962266,pb980@franchise.euromaster.com,Albert Gallersdörfer,,RL_15,"Schleger, Michael","Erdmann, Ronny",Schneider,Geier,Seiler,Morina
D_981,02 - FRA,Light,geöffnet,,Jimmy' s Reifen Center,Aspenhaustr. 5,72770,Reutlingen,Baden-Württemberg,"48,491022","9,135371",(07121),6701450,(07121),6701455,pb981@franchise.euromaster.com,Fatmir Jim Berisha,,RL_12,"Willmann, Sascha","Erdmann, Ronny",Schneider,Hampel,Seiler,Morina
D_982,02 - FRA,Mixed,geöffnet,,Reifen Dahlke GmbH & Co. KG,Boltensternstraße 343,50735,Koeln,Nordrhein-Westfalen,50.979065,6.970512,(0221),711311,(0221),7125896,pb982@franchise.euromaster.com,Michael Dahlke,,RL_09,"Bornkessel, Daniel","Erdmann, Ronny",Mion,Legermann,Dünner,Mion
D_983,02 - FRA,Mixed,geöffnet,,Reifenservice Zimmer,Am Bahnhof 1,97353,Wiesentheid,Bayern,"49,788513","10,341134",(09383),328,(09383),1754,pb983@franchise.euromaster.com,Dominik Zimmer,,RL_13,"Ehrlinger, Steffen","Erdmann, Ronny",Schneider,N.N.,Seiler,Morina
D_986,02 - FRA,Light,geöffnet,,Reifen Wiese e.K.,Maybachstraße 23,74626,Bretzfeld-Schwabbach,Baden-Württemberg,49.185156,9.412976,(07946),941676,(07946),941677,pb986@franchise.euromaster.com,Carsten Wiese,,RL_12,"Willmann, Sascha","Erdmann, Ronny",Mion,Burger,Seiler,Morina
D_987,02 - FRA,Light,geöffnet,,RN Reifen Nord GmbH,Escherstr. 129,50739,Koeln,Nordrhein-Westfalen,"50,960391",6.937962,(0221),7787180,,,pb987@franchise.euromaster.com,Jörg Neubert,,RL_09,"Bornkessel, Daniel","Erdmann, Ronny",Mion,Legermann,Dünner,Mion
D_988,02 - FRA,Light,geöffnet,,Mintgen Motorsport KFZ-Meisterwerkstatt,Kottenheimer Weg 29,56727,Mayen,Rheinland-Pfalz,50.336676,7.237297,(02651),5488,(02651),903260,pb988@franchise.euromaster.com,,,RL_09,"Bornkessel, Daniel","Erdmann, Ronny",Mion,Hackbarth,Dünner,Mion
D_990,02 - FRA,Mixed,geöffnet,,Autohaus Werner GmbH,Seckenhauser Straße 7,28844,Weyhe-Leeste,Niedersachsen,52.986621,8.783158,(0421),89905800,(0421),89905803,pb990@franchise.euromaster.com,Thomas Lehrfeld,,RL_02,"Nüßler, Martin","Blank, Michael",Mion,Hedemann,Steinmann,Reinekirchen
D_991,02 - FRA,Light,geöffnet,,Autohaus Lau in der Probstei GmbH,Kamp 4,24217,Schönberg,Schleswig-Holstein,54.385406,"10,377622",(04344),6311,(+4344),3213,pb991@franchise.euromaster.com,Malte Lau,,RL_01,"Witt, Ronald","Blank, Michael",Schneider,Uterhardt,Steinmann,Reinekirchen
D_994,02 - FRA,Mixed,geöffnet,,Reifen Farwick,Von-Braun-Straße 2,48683,Ahaus,Nordrhein-Westfalen,52.069685,7.022958,(02561),3770,(02561),43615,pb994@franchise.euromaster.com,Hendrik Plate,,RL_04,"Bernsmeier, Olaf","Blank, Michael",Mion,Otte,Steinmann,Reinekirchen
D_996,02 - FRA,Light,geöffnet,,Stonis Garage GmbH,Sontheimerfeld 6-8,74388,Talheim,Baden-Württemberg,49.102114,9.186204,(07133),22 99 96,(07133),22 99 97,pb996@franchise.euromaster.com,Jürgen Steinbrecher,,RL_12,"Willmann, Sascha","Erdmann, Ronny",Mion,Burger,Seiler,Morina
D_627,02 - FRA,Light,geöffnet,auch MLX,KFZ-Meisterbetrieb Sven Placküter,Hartwarderstrasse 1,26935,Stadland,Niedersachsen,"53,411261","8,460205",(0473),2308,(0473),28351,pb627@franchise.euromaster.com,Sven Placküter,,RL_02,"Nüßler, Martin","Blank, Michael",Schneider,Kemnitz,Steinmann,Reinekirchen
D_976-01,02 - FRA,Heavy,geöffnet,,Trelo Truck & Trailer Service,Mietersheimer Hauptstrasse 71,77933,Lahr,Baden-Württemberg,48.331533,7.845524,(00370),66700099,,,pb976-01@franchise.euromaster.com,,,RL_14,"Vogler, Daniel","Erdmann, Ronny",Mion,Mis,Seiler,Morina
D_976-02,02 - FRA,Heavy,geöffnet,,Trelo Truck & Trailer Service,Ernst-Moritz-Arndt-Str. 10,41747,Viersen,Nordrhein-Westfalen,51.246192,6.389438,(00370),64300062,,,pb976-02@franchise.euromaster.com,,,RL_08,"Girzycki, Damian","Erdmann, Ronny",Mion,Warzocha,Dünner,Mion
D_149-01,02 - FRA,Light,geöffnet,auch MLX,Autohaus Mezger GmbH,Hanauerstrasse 2,77767,Appenweier,Baden-Württemberg,48.556652,7.967273,(07805),996760,(07805),5608,pb149-01@franchise.euromaster.com,Julian Fuchs,,RL_12,"Willmann, Sascha","Erdmann, Ronny",Mion,Mis,Seiler,Morina
D_149-02,02 - FRA,Light,geöffnet,auch MLX,Autohaus Mezger GmbH,Gewerbestr. 2,77704,Oberkirch,Baden-Württemberg,48.541361,8.070678,(07802),93530,,,pb149-02@franchise.euromaster.com,Heinz-Christian Mezger,,RL_12,"Willmann, Sascha","Erdmann, Ronny",Mion,Mis,Seiler,Morina
D_494-01,02 - FRA,Light,geöffnet,,Autobetriebe Lehmann GmbH,Schweriner Str. 29,19209,Lützow,Mecklenburg-Vorpommern,"53,656094","11,183657",(038874),22044,(038874),22045,pb494-01@franchise.euromaster.com,"Steffen Lehmann, Carsten Fietzke",,RL_03,"Abram, Marcus","Blank, Michael",Schneider,Pahnke,Woydelko,Woydelko
D_494-02,02 - FRA,Light,geöffnet,,Autobetriebe Lehmann GmbH,Hauptstr. 41,19230,Bandenitz,Mecklenburg-Vorpommern,"53,491297","11,281636",(03885),423,,,pb494-02@franchise.euromaster.com,"Steffen Lehmann, Carsten Fietzke",,RL_03,"Abram, Marcus","Blank, Michael",Schneider,Pahnke,Woydelko,Woydelko
D_960,02 - FRA,Light,geöffnet,,OS Fahrzeugtechnik,Spandauer Str. 1-3,21502,Geesthacht,Schleswig-Holstein,"53,434399","10,344844",(04152),9193994,,,pb960@franchise.euromaster.com,Olcay Sagsöz,,RL_01,"Witt, Ronald","Blank, Michael",Schneider,Uterhardt,Steinmann,Reinekirchen
D_420,02 - FRA,Light,geöffnet,,Autohaus Eichhorn,Münchener Str. 14,85560,Ebersberg,Bayern,48.076278,11.963221,(08092),857770,(08092),8577722,pb420@franchise.euromaster.com,Paul Eichhorn,,RL_15,"Schleger, Michael","Erdmann, Ronny",Schneider,N.N.,Seiler,Morina
D_433,02 - FRA,Light,geöffnet,,Autopoint Zeven & Glas Center,Südring 4,27404,Zeven,Niedersachsen,"53,277618","9,284417",(04281),951860,(04281),9518619,pb433@franchise.euromaster.com,Thomas Koberg,,RL_02,"Nüßler, Martin","Blank, Michael",Schneider,Kemnitz,Steinmann,Reinekirchen
D_822,02 - FRA,Light,geöffnet,,Autohaus Tilli,Senefelder Str. 1,24568,Kaltenkirchen,Schleswig-Holstein,53.818592,9.970846,(04191),506826,(04191),506827,pb822@franchise.euromaster.com,Ufuk Tillioglu,,RL_01,"Witt, Ronald","Blank, Michael",Schneider,Uterhardt,Steinmann,Reinekirchen
D_178,02 - FRA,Light,geöffnet,,Thomas Frankenberger,Weinbergstraße 15,97753,Karlstadt-Stetten,Bayern,49.941193,9.827303,(09360),99359580,(09630),618,pb178@franchise.euromaster.com,Thomas Frankenberger,,RL_13,"Ehrlinger, Steffen","Erdmann, Ronny",Schneider,N.N.,Seiler,Morina
D_536,02 - FRA,Light,geöffnet,,Autozentrum Schäfer GmbH,Edisonstr. 17,63477,Maintal,Hessen,50.147931,8.832605,(06181),94970,,,pb536@franchise.euromaster.com,Jens Schäfer,,RL_10,"Teige, Eric","Erdmann, Ronny",Mion,Bulut,Dünner,Mion
D_525,02 - FRA,Light,geöffnet,,Autohaus Schick GmbH & Co. KG,Weier 4,84375,Kirchdorf am Inn,Bayern,48.255653,12.994958,(08571),91510,,,pb525@franchise.euromaster.com,Josef Schick,,RL_15,"Schleger, Michael","Erdmann, Ronny",Schneider,Geier,Seiler,Morina
D_537,02 - FRA,Light,geöffnet,,Autoservice Prima ,Industriestr. 9,23843,Bad Oldesloe,Schleswig-Holstein,53.802084,10.38832,(04531),8806019,,,pb537@franchise.euromaster.com,Tuncay Bilgic,,RL_01,"Witt, Ronald","Blank, Michael",Schneider,Uterhardt,Steinmann,Reinekirchen
D_397-03,02 - FRA,Light,geöffnet,,Heinemann Gruppe GmbH,Bornhardtstr. 8,38644,Goslar,Niedersachsen,"52,516181","13,376935",(05321),371810,(05321),371840,pb137-03@franchise.euromaster.com,Jan Kuschmierz,,RL_06,"Duvigneau, Stephan","Blank, Michael",Schneider,Kemnitz,Steinmann,Reinekirchen
D_977,02 - FRA,Light,geöffnet,,Tessmann GbR,Köthener Str. 8c,06188,Landsberg,Sachsen-Anhalt,"51,531429","12,156673",(034602),22967,(034602),20730,pb977@franchise.euromaster.com,Robert Tessmann,,RL_06,"Duvigneau, Stephan","Blank, Michael",Schneider,Scola,Woydelko,Woydelko
D_826,02 - FRA,Light,geöffnet,ehemals D_578,Gummi-Mayer Car Service GmbH & Co. KG,Nordring 30,76829,Landau,Rheinland-Pfalz,"49,200629","8,117124",(06341),91860,,,pb826@franchise.euromaster.com,Christian Nerding,,RL_11,"Kin, Nazaret","Erdmann, Ronny",Mion,Mis,Seiler,Morina
D_827,02 - FRA,Light,geöffnet,ehemals D_757,Gummi -Mayer Kempten GmbH & Co. KG,Immenstädter Straße 100,87435,Kempten,Bayern,"47,712122","10,310979",(0831 ),540470,,,pb827@franchise.euromaster.com,Florian Wünschman,,RL_14,"Vogler, Daniel","Erdmann, Ronny",Schneider,N.N.,Seiler,Morina
D_841,02 - FRA,Light,geöffnet,,Reifen-Geis GmbH,Im Hag 5,63834,Sulzbach am Main,Bayern,"49,915393","9,150061",(060281),20799,,,pb841@franchise.euromaster.com,Karl-Heinz Geis,,RL_10,"Teige, Eric","Erdmann, Ronny",Mion,Bulut,Dünner,Mion
D_842,02 - FRA,Light,geöffnet,auch MLX,Autohaus G. Krieger GmbH,Kronenstr. 25,73579,Schechingen,Baden-Württemberg,"48,875163","9,916824",(07175),923660,,,pb842@franchise.euromaster.com,Gerd Krieger,,RL_13,"Ehrlinger, Steffen","Erdmann, Ronny",Schneider,Hampel,Seiler,Morina
D_859,02 - FRA,Light,geöffnet,auch MLX,Demir Reifen- & Autoservice,Robert-Koch-Str.2,65479,Raunheim,Hessen,50.008247,8.453367,(06142),2086888,(06142),2086889,pb859@franchise.euromaster.com,Ayhan Demir,,RL_10,"Teige, Eric","Erdmann, Ronny",Mion,Bulut,Dünner,Mion
D_849,02 - FRA,Light,geöffnet,,Auto Grunau GmbH,Altenburger Str. 70,04617,Rositz,Thüringen,51.008516,12.385926,(034498),40039,(034498),44532,pb849@franchise.euromaster.com,Roberto Grunau,,RL_05,"Seibel, Alexander","Blank, Michael",Schneider,Scola,Woydelko,Woydelko
D_958,02 - FRA,Light,geöffnet,auch MLX,Auohaus Roeb GmbH,Wildparkstr. 7,52385,Nideggen,Nordrhein-Westfalen,50.656923,6.419867,(02474),1367,(02474),1763,pb958@franchise.euromaster.com,Max Müller,,RL_09,"Bornkessel, Daniel","Erdmann, Ronny",Mion,Legermann,Dünner,Mion
D_892,02 - FRA,Light,geöffnet,,Müller KFZ & Reifenservice,Henriettenstr. 99,73230,Kirchheim unter Teck,Baden-Württemberg,48.651055,9.433049,(07021),4829922,,,pb892@franchise.euromaster.com,Patrick Müller,,RL_12,"Willmann, Sascha","Erdmann, Ronny",Schneider,Hampel,Seiler,Morina
D_985-01,02 - FRA,Light,geöffnet,,Autohaus Walch GmbH,Wimpasinger Str. 4,83278,Traunstein,Bayern,47.849744,12.630151,(0861),90996020,(08654),47224,pb985-01@franchise.euromaster.com,Christian Obermaier,,RL_15,"Schleger, Michael","Erdmann, Ronny",Schneider,N.N.,Seiler,Morina
D_993,02 - FRA,Light,geöffnet,,Autohaus Hochreiter GmbH & Co. KG,Dr. Albert-Frank-Straße 16,83308,Trostberg,Bayern,48.023744,12.553093,(08621),98390,(08621),983939,pb993@franchise.euromaster.com,Konrad jun. und Hermman Hochreiter,,RL_15,"Schleger, Michael","Erdmann, Ronny",Schneider,N.N.,Seiler,Morina
D_894,02 - FRA,Light,geöffnet,,Autohaus Voss GmbH& Co.KG,Breikamp 2-6,48720,Rosendahl,Nordrhein-Westfalen,"52,027369",7.284037,(02545),383,(02545),1260,pb894@franchise.euromaster.com,Niklas Voss,015750730690,RL_04,"Bernsmeier, Olaf","Blank, Michael",Mion,Otte,Steinmann,Reinekirchen
D_848,02 - FRA,Light,geöffnet,,PBM Fahrzeug- und Reifenservice GmbH,Alleestraße 18,56410,Montabaur,Rheinland-Pfalz,50.440409,7.830411,(02602),17508,(02602),180847,pb848@franchise.euromaster.com,Lutz Pauly,,RL_09,"Bornkessel, Daniel","Erdmann, Ronny",Mion,Hackbarth,Dünner,Mion
D_995,02 - FRA,Mixed,geöffnet,ehemals D_662,Auto & Reifenservice Reff,Ottostraße 20,84030,Landshut,Bayern,"48,554921","12,147313",(0871),975610,(0871),9756122,pb995@franchise.euromaster.com,Andreas Reff,01703837284,RL_15,"Schleger, Michael","Erdmann, Ronny",Schneider,Geier,Seiler,Morina
D_886,02 - FRA,Mixed,geöffnet,ehemals D_361,Pro Tire Reifen & Autoservice GmbH,An der Pottenau 7,33609,Bielefeld,Nordrhein-Westfalen,"52,033264","8,546691",(0521),31048,,,pb886@franchise.euromaster.com,Artur Riemer,,RL_04,"Bernsmeier, Olaf","Blank, Michael",Mion,Otte,Steinmann,Reinekirchen
D_950-02,02 - FRA,Mixed,geöffnet,ehemals D_331,KFZ-Frömling Lasczyk und Weishaupt GbR,Riemker Straße 3,44809,Bochum,Nordrhein-Westfalen,"51,508057","7,187625",(0234),54591,,,pb950-02@franchise.euromaster.com,,,RL_07,"Franzen, Bernd","Blank, Michael",Mion,Pater,Dünner,Mion
D_950-03,02 - FRA,Light,geöffnet,ehemals D_319,KFZ-Frömling Lasczyk und Weishaupt GbR,Oskar-Hoffmann-Straße 61,44789,Bochum,Nordrhein-Westfalen,"51,474261","7,222071",(0234),308401,,,pb950-03@franchise.euromaster.com,,,RL_07,"Franzen, Bernd","Blank, Michael",Mion,Pater,Dünner,Mion
D_847,02 - FRA,Light,geöffnet,ehemals D_314,KFZ Meisterbetrieb Mohallik,Höninger Weg 3,50969,Koeln,Nordrhein-Westfalen,"50,920908","6,941254",(0221),369068,,,pb847@franchise.euromaster.com,,,RL_09,"Bornkessel, Daniel","Erdmann, Ronny",Mion,Legermann,Dünner,Mion
D_846,02 - FRA,Light,geöffnet,,Autohaus Leikeim GmbH,Hauptstraße 40,96275,Marktzeuln,Bayern,50.160058,"11,183912",(0957),4654950,,,pb846@franchise.euromaster.com,Harald Leikeim,,RL_05,"Seibel, Alexander","Blank, Michael",Schneider,N.N.,Seiler,Morina
D_860,02 - FRA,Light,geöffnet,,Franz Auer GmbH & Co. KG,Hirschberger Ring 19a,94315,Straubing,Bayern,48.887123,12.609591,(09421),92040,,,pb860@franchise.euromaster.com,Lukas Auer,,RL_15,"Schleger, Michael","Erdmann, Ronny",Schneider,Geier,Seiler,Morina
D_139,02 - FRA,Mixed,geöffnet,,KFZ und Reifenservice Kloster GmbH,Hans-Großwendt-Ring 2a,66333,Völklingen,Saarland,49.239266,6.884962,(0681),926570,,,pb139@franchise.euromaster.com,,,RL_11,"Kin, Nazaret","Erdmann, Ronny",Mion,Hackbarth,Dünner,Mion
D_890,02 - FRA,Light,geöffnet,ehemals D_119,KFZ-Spezialisten Team GmbH,Hamburger Str. 5,21339,Lüneburg,Niedersachsen,"53,267001","10,405039",(04131),36073,,,pb890@franchise.euromaster.com,Timo Wagner,015114433450,RL_01,"Witt, Ronald","Blank, Michael",Schneider,Uterhardt,Steinmann,Reinekirchen
D_148,02 - FRA,Light,geöffnet,,Maiers Autowelt,Gänsäcker 13/1,78532,Tuttlingen,Baden-Württemberg,47.959381,8.782675,(07462),923232,,,pb148@franchise.euromaster.com,Rudolf Maier,015757796495,RL_14,"Vogler, Daniel","Erdmann, Ronny",Schneider,Hampel,Seiler,Morina
D_619,02 - FRA,Light,geöffnet,,ProLine GmbH,Im Sulzhau 4,72250,Freudenstadt,Baden-Württemberg,"48,483252","8,409271",(07441),924800,,,pb619@franchise.euromaster.com,Tobias Haug,,RL_12,"Willmann, Sascha","Erdmann, Ronny",Schneider,Hampel,Seiler,Morina
D_844,02 - FRA,Light,geöffnet,ehemals D_633,Auto Leikeim GmbH,Laubanger 3A,96052,Bamberg,Bayern,"49,907531","10,879973",(0951),65167,,,pb844@franchise.euromaster.com,David Davies,,RL_05,"Seibel, Alexander","Blank, Michael",Schneider,N.N.,Seiler,Morina
D_624,02 - FRA,Light,geöffnet,,Kfz-Technik Wild,Dodoweg 39,26386,Wilhelmshaven,Niedersachsen,"53,558418","8,099174",(04421),507080,,,pb624@franchise.euromaster.com,Daniel Wild,0176 72755779,RL_02,"Nüßler, Martin","Blank, Michael",Schneider,Kemnitz,Steinmann,Reinekirchen
D_404,02 - FRA,Light,geöffnet,,Reparaturservice Afschar KG,Hasenkamp 25a,25482,Appen,Schleswig-Holstein,"53,655846","9,753245",(04101),5901342,,,pb404@franchise.euromaster.com,Nahdi Afschar,,RL_01,"Witt, Ronald","Blank, Michael",Schneider,Uterhardt,Steinmann,Reinekirchen
D_975,02 - FRA,Light,geöffnet,,Autohaus Englhart GmbH,Maxlrainer Str. 2,83104,Beyharting,Bayern,47.925145,11.989474,(08065),90660,,,pb975@franchise.euromaster.com,Andreas Zimmerer,,RL_15,"Schleger, Michael","Erdmann, Ronny",Schneider,N.N.,Seiler,Morina
D_184,02 - FRA,Light,geöffnet,,Automol GmbH,Karl-Englert-Str. 35-39,46236,Bottrop,Nordrhein-Westfalen,"51,518405","6,932661",(02041),66666,,,pb184@franchise.euromaster.com,Fatih Baytemür,02041/66666,RL_07,"Franzen, Bernd","Blank, Michael",Mion,Zimmermann,Dünner,Mion
D_997,02 - FRA,Mixed,Meldet Gewerbe ab Infos folgen,,Auto Doktor GmbH,Nordring 14,63500,Selingenstadt,Hessen,50.053007,8.965845,(06182),7744908,,,pb997@franchise.euromaster.com,Imran Ahmed,06182-7744908,RL_10,"Teige, Eric","Erdmann, Ronny",Mion,Bulut,Dünner,Mion
D_494-03,02 - FRA,Mixed,geöffnet,ehemals D_201,Autobetriebe Lehmann GmbH,Büdner Str. 17,19057,Schwerin,Mecklenburg Vorpommern,53.649733,11.387041,(0385),4864061,,,pb494-03@franchise.euromaster.com,Karsten Goldberg,,RL_03,"Abram, Marcus","Blank, Michael",Schneider,Pahnke,Woydelko,Woydelko
D_739-01,02 - FRA,Heavy,geöffnet,,KDM Reifenhandel,Friesenheimer Straße 7e,68169,Mannheim,Baden-Württemberg,49.511084,8.453217,(0621),97862484,(0621),97862499,pb739-01@franchise.euromaster.com,Ferhat Kiran,,RL_11,"Kin, Nazaret","Erdmann, Ronny",Mion,Mis,Seiler,Morina
D_739-02,02 - FRA,Light,geöffnet,ehemals D_721,KDM Reifenhandel,Untermühlaustraße 105-109,68169,Mannheim,Baden-Württemberg,"49,510839","8,469822",(0621),312095,(0621),312096,pb739-02@franchise.euromaster.com,,,RL_11,"Kin, Nazaret","Erdmann, Ronny",Mion,Mis,Seiler,Morina
D_902,02 - FRA,Light,geöffnet,,Karlau GmbH,Obendeich 10,25348,Engelbrechtsche Wildnis,Schleswig-Holstein,"53,774967","9,467661",(04124),2605,(04124),2278,pb902@franchise.euromaster.com,Kevin Langschwager,,RL_01,"Witt, Ronald","Blank, Michael",Schneider,Uterhardt,Steinmann,Reinekirchen
D_907,02 - FRA,Light,geöffnet,,KFZ Zentrum Bad Bramstedt GmbH,Tegelbarg 11,24576,Bad Bramstedt,Schleswig-Holstein,53.928978,9.892711,(0192),9054531,,,pb907@franchise.euromaster.com,Melih Harum Biyik,,RL_01,"Witt, Ronald","Blank, Michael",Schneider,Uterhardt,Steinmann,Reinekirchen
D_918,02 - FRA,Light,geöffnet,,Autohaus Iser GmbH,Feldstr. 11,64319,Pfungstadt,Hessen,"49,810776","8,60059",(06157),82026,(06157),82093,pb918@franchise.euromaster.com,Frank Hamann,,RL_10,"Teige, Eric","Erdmann, Ronny",Mion,Bulut,Dünner,Mion
D_877,02 - FRA,Light,geöffnet,,Jens Probst Automobile,Sulzbrunnenstr. 16,74564,Crailsheim,Baden-Württemberg,49.11961,10.09137,(07951),91220,,,pb877@franchise.euromaster.com,Jens Probst,,RL_13,"Ehrlinger, Steffen","Erdmann, Ronny",Mion,Burger,Seiler,Morina
D_886-02,02 - FRA,Mixed,geöffnet,ehemals D_369,Protire Reifen & Autoservice GmbH,Hammer Straße 325,48153,Münster,Nordrhein-Westfalen,"51,931223","7,627309",(0251),760050,(0251),7600522,pb886-02@franchise.euromaster.com,Alexander Lohmann,,RL_04,"Bernsmeier, Olaf","Blank, Michael",Mion,Otte,Steinmann,Reinekirchen
D_231-01,02 - FRA,Light,geöffnet,,Autohaus Gross GmbH,Dieselstraße 5,92224,Amberg,Bayern,49.435886,11.88268,(09621),970000,,,pb231-01@franchise.euromaster.com,Christian Gross,,RL_13,"Ehrlinger, Steffen","Erdmann, Ronny",Schneider,N.N.,Seiler,Morina
D_231-02,02 - FRA,Light,geöffnet,,Autohaus Gross GmbH,Nabburger Straße 1,92272,Paulsdorf,Bayern,49.48333,11.98333,(09621),96004940,,,pb231-02@franchise.euromaster.com,Dennis Gross,,RL_13,"Ehrlinger, Steffen","Erdmann, Ronny",Schneider,N.N.,Seiler,Morina
D_185,02 - FRA,Light,geöffnet,ehemals D_336,KFZ Meisterbetrieb Drive Tech GmbH,Kirschbaumweg 20,50996,Koeln,Nordrhein-Westfalen,"50,873229","6,994353",(02236),675 98,(02236),66168,pb185@franchise.euromaster.com,Rabih El Hariri,,RL_09,"Bornkessel, Daniel","Erdmann, Ronny",Mion,Legermann,Dünner,Mion
D_270,02 - FRA,Light,geöffnet,ehemals D_614,Haug GmbH,Höhenstraße 5A,70736,Stuttgart,Baden-Württemberg,"48,813432","9,260191",(0711),5204600,(0711),52046022,pb270@franchise.euromaster.com,Finja Haug,,RL_12,"Willmann, Sascha","Erdmann, Ronny",Mion,Burger,Seiler,Morina
D_275,02 - FRA,Mixed,geöffnet,ehemals D_275,Auto Technik Fulda GmbH,Frankfurter Straße 134,36043,Fulda,Hessen,"50,528096","9,677533",(0172),3200443,,,pb275@franchise.euromaster.com,Victor Zoske,,RL_05,"Seibel, Alexander","Blank, Michael",Schneider,Hundeshagen,Dünner,Mion
D_531,02 - FRA,Light,geöffnet,,Autotechnik Ickert ,Industrie Str. 15,65549,Limburg an der Lahn,Hessen,"50,37608","8,05454",(06431),94700,(06431),9470019,pb531@franchise.euromaster.com,Eugen Ickert,,RL_09,"Bornkessel, Daniel","Erdmann, Ronny",Mion,Bulut,Dünner,Mion
D_380,02 - FRA,Light,geöffnet,Zuvor FRP D_145,CS Autotechnik GbR,Laichwiesenweg 4,86453,Dasing,Bayern,48.394021,11.053751,(08205),4619833,(08205),4619832,pb380@franchise.euromaster.com,Ertunc Yilmaz,,RL_13,"Ehrlinger, Steffen","Erdmann, Ronny",Schneider,N.N.,Seiler,Morina
D_315-02,02 - FRA,Light,geöffnet,,Drivefinity GmbH,Piccoloministraße 4,51063,Köln-Chorweiler,Nordrhein-Westfalen,"50,969744","7,0262786",(0221),42300796,,,pb315-02@franchise.euromaster.com,Nusret Özbek,,RL_09,"Bornkessel, Daniel","Erdmann, Ronny",Mion,Legermann,Dünner,Mion
D_315-01,02 - FRA,Light,geöffnet,,Drivefinity GmbH,Theodor-Heuss-Straße 45,51149,Köln,Nordrhein-Westfalen,50.897737,7.067696,(02203),980120,,,pb315-01@franchise.euromaster.com,Kenan Özbek,,RL_09,"Bornkessel, Daniel","Erdmann, Ronny",Mion,Legermann,Dünner,Mion
D_868,02 - FRA,Light,geöffnet,,Motorfahrzeuge & Marinetechnik Kamper,Krefelder Str. 182,41748,Viersen,Nordrhein-Westfalen,51.2611816,6.4112633,(02162),8160130,,,pb868@franchise.euromaster.com,Hans Georg Kamper,,RL_08,"Girzycki, Damian","Erdmann, Ronny",Mion,Warzocha,Dünner,Mion
D_967,02 - FRA,Light,geöffnet,,PS Autogalerie GmbH,Kirschweiler Mühle 5,55743,Kirschweiler,Rheinland-Pfalz,52.516181,13.376935,(06781),5697100,(06781),5697109,pb967@franchise.euromaster.com,Philipp Stutz,,RL_11,"Kin, Nazaret","Erdmann, Ronny",Mion,Hackbarth,Dünner,Mion
D_228,02 - FRA,Light,geöffnet,,Autohaus Thomas Hilpert GmbH,Bahnhofstr. 4,14929,Treuenbrietzen,Rheinland-Pfalz,52.0922699,12.85847759,(033748),15609,(033748),70350,pb228@franchise.euromaster.com,Thomas Hilpert,,RL_06,"Duvigneau, Stephan","Blank, Michael",Schneider,Kloy,Woydelko,Woydelko
D_364,02 - FRA,Mixed,geöffnet,,"FD Transport, Logistik, Handels- und Dienstleistungs GmbH",Industriestr. 60,32120,Hiddenhausen,Nordrhein-Westfalen,52.170612,8.600513,(05223),792380,,,pb364@franchise.euromaster.com,Julian Dix,,RL_04,"Bernsmeier, Olaf","Blank, Michael",Mion,Otte,Steinmann,Reinekirchen
D_226,02 - FRA,Mixed,geöffnet,ehemals D_637,FahrWerk GmbH,Weiher Straße 9,95448,Bayreuth,Bayern,49.95976,11.5992,(0921),5070840,,,pb226@franchise.euromaster.com,Stefan Zauner,,RL_05,"Seibel, Alexander","Blank, Michael",Schneider,N.N.,Seiler,Morina
D_950-04,02 - FRA,Light,geöffnet,ehemals D_378 - Light,Kfz Frömling Lasczyk und Weishaupt GbR,Hallesche Str. 60,44143,Dortmund,Nordrhein-Westfalen,"51,51673507","7,5000534",(0231),5622520,,,pb950-04@franchise.euromaster.com,,,RL_07,"Franzen, Bernd","Blank, Michael",Mion,Pater,Dünner,Mion
D_490,02 - FRA,Light,geöffnet,ehemals D_710,M+S Reifen und Autoservice GmbH,Industriestraße 70,67063,Ludwigshafen,Rheinland-Pfalz,"49,490027","8,395538",(0621),6371024,(0621),6371026,pb490@franchise.euromaster.com,Markus Schlischka,,RL_11,"Kin, Nazaret","Erdmann, Ronny",Mion,Hackbarth,Dünner,Mion
D_928,02 - FRA,Light,geöffnet,,Autohaus Uhl e.K.,Robert-Bosch-Str. 26,72160,Horb am Neckar,Baden-Württemberg,48.4621,8.71075,(07451),2508,,,pb928@franchise.euromaster.com,Maurice Uhl,,RL_12,"Willmann, Sascha","Erdmann, Ronny",Schneider,Hampel,Seiler,Morina
D_952,02 - FRA,Light,geöffnet,,Dengler & Crüwell KG,Auseestr. 4,83543,Rott am Inn,Bayern,"47,97916","12,13855",(08039),901200,(08039),9012029,pb952@franchise.euromaster.com,Christopher Crüwell,,RL_15,"Schleger, Michael","Erdmann, Ronny",Schneider,N.N.,Seiler,Morina
D_138,02 - FRA,Light,geöffnet,,Peter Müller Reifendienst,Einsteinstraße 23,91074,Herzogenaurach,Bayern,"49,5730","10,8880",(09132),9522,(09132),7354712,pb138@franchise.euromaster.com,Peter Müller,,RL_13,"Ehrlinger, Steffen","Erdmann, Ronny",Schneider,N.N.,Seiler,Morina
D_984,02 - FRA,Light,geöffnet,,SW Automobile GmbH,Irene-Kärcher-Straße 11,74423,Obersontheim,Baden-Württemberg,"49,1630","9,5670",(07973),9297711,(07973),9129902,pb984@franchise.euromaster.com,Stefan Wilhelm,,RL_13,"Ehrlinger, Steffen","Erdmann, Ronny",Mion,Burger,Seiler,Morina
D_552,02 - FRA,Light,geöffnet,,Wiesböck GmbH,Kufsteiner Straße 98,83026,Rosenheim,Bayern,"47,84307979","12,12293474",(08031),901070,,,pb552@franchise.euromaster.com,Ingo Kaufmann,,RL_15,"Schleger, Michael","Erdmann, Ronny",Schneider,N.N.,Seiler,Morina
D_989,02 - FRA,Light,geöffnet,ehemals D_135,Medini Motors Inh. Hamsa Medini,Schmalbachstr. 10,38112,Braunschweig,Niedersachsen,"52,2975807189941","10,5133514404296",(0176),63486920,,,pb989@franchise.euromaster.com,Hamsa Medini,,RL_06,"Duvigneau, Stephan","Blank, Michael",Schneider,Kemnitz,Steinmann,Reinekirchen
D_511,02 - FRA,Mixed,geöffnet,ehemals D_441,Frachtspezialist Berthold GmbH,Muldestr.43,08056,Zwickau,Sachsen,"50,690991","12,496652",(0375),360034,(0375),282817,pb511@franchise.euromaster.com,Michael Wirth,,RL_03,"Abram, Marcus","Blank, Michael",Schneider,Scola,Woydelko,Woydelko
D_516,02 - FRA,Light,geöffnet,,KFZ Service Hansen GmbH,Kreuzauer Str. 65,52355,Düren,Nordrhein-Westfalen,"50,80744171","6,489582539",(02421),57030,,,pb516@franchise.euromaster.com,Holger Hansen,,RL_09,"Bornkessel, Daniel","Erdmann, Ronny",Mion,Legermann,Dünner,Mion
D_726-02,02 - FRA,Light,geöffnet,,AMS Reese GmbH,Bukarester Straße 1a,93055,Regensburg,Bayern,"49,01478337","12,14587877",(0941),7806130,,,pb726-02@franchise.euromaster.com,Josef Gottmeier,,RL_15,"Schleger, Michael","Erdmann, Ronny",Schneider,Geier,Seiler,Morina
D_181,02 - FRA,Mixed,geöffnet,,Klaus Geier KFZ Meisterbetrieb,Dreiburgenstraße 4,94154,Neukirchen vorm Wald,Bayern,"48,5900","13,6270",(08504),922390,,,pb181@franchise.euromaster.com,Konrad Geier,,RL_15,"Schleger, Michael","Erdmann, Ronny",Schneider,Geier,,
D_162-01,02 - FRA,Light,geöffnet,,KFZ-Technik Schuhmann GmbH,Am Kebigsgraben 9,97616,Salz bei Bad Neustadt,Bayern,50.31833679,9.807740698,(09771),6882888,,,pb162-01@franchise.euromaster.com,,,RL_05,"Seibel, Alexander","Blank, Michael",Schneider,N.N.,,
D_162-02,02 - FRA,Light,geöffnet,,KFZ-Technik Schuhmann GmbH,Römershager Straße 11,97769,Bad Brückenau,Bayern,50.29898027,10.19256971,(09741),9385471,,,pb162-02@franchise.euromaster.com,,,RL_05,"Seibel, Alexander","Blank, Michael",Schneider,N.N.,,
D_209,02 - FRA,Light,geöffnet,,PROK-RÄDER GMBH,Nürnberger Str. 28,92358,Seubersdorf,Bayern,"49,16976","11,62315",(09497),941122,,,pb209@franchise.euromaster.com,Peter Rester,,RL_15,"Schleger, Michael","Erdmann, Ronny",,,,
D_623,02 - FRA,Light,geöffnet,,A.R. Fahrzeugtechnik,Wielenbachstraße 11,86956,Schongau,Bayern,"47,8127445018584","10,9247081828428",(08861),2563250,,,pb623@franchise.euromaster.com,Alexander Rill,,RL_14,"Vogler, Daniel","Erdmann, Ronny",,,,
D_166-01,02 - FRA,Light,geöffnet,,AWK GmbH Autowerkstatt Kienberger,Laub 44,97357,Prichsenstadt,Bayern,"49,8245975724517","10,3167158270876",(09383),2688,,,pb166-01@franchise.euromaster.com,Christian Sauer,,RL_05,"Seibel, Alexander","Blank, Michael",,,,
D_166-02,02 - FRA,Light,geöffnet,,AWK GmbH Autowerkstatt Kienberger,Rügshöfer Straße 28,97447,Gerolzhofen,Bayern,"49,9031719073312","10,3501318694171",(09382),3189955,,,pb166-02@franchise.euromaster.com,Dominik Bahn,,RL_05,"Seibel, Alexander","Blank, Michael",,,,
D_675,02 - FRA,Light,"geöffnet, voerst nur Autoglas",,Auto Louis,Leibnitzstr. 16,73230,Kirchheim unter Teck,Baden-Württemberg,"48,65072","9,43263",(0173),1504760,,,pb675@franchise.euromaster.com,Louis El Hourani,,RL_12,"Willmann, Sascha","Erdmann, Ronny",,,,
D_507-01,02 - FRA,Light,geöffnet,,Autohaus Wessels Wittmund GmbH,Bürgermeister-Schoon-Str. 1,26409,Wittmund,Niedersachsen,"53,56881332","7,78484964",(04462),880420,,,pb507-01@franchise.euromaster.com,Lars Osmers,,RL_02,"Nüßler, Martin","Blank, Michael",,,,
D_507-02,02 - FRA,Light,geöffnet,,Autohaus Wessels Wittmund GmbH,Industriestr. 2,26409,Wittmund,Niedersachsen,"53,58447647","7,77313613",(04462),880420,,,pb507-02@franchise.euromaster.com,Lars Osmers,,RL_02,"Nüßler, Martin","Blank, Michael",,,,
D_730,02 - FRA,Mixed,geöffnet,ehemals D_653,KTS GmbH - KFZ Technik Sennfeld,Gutenbergstraße 2,97526,Sennfeld,Bayern,10.2469422,50.03455313,(09721),60785,,,pb730@franchise.euromaster.com,Richard Frey,,RL_05,"Seibel, Alexander","Blank, Michael",,,,
D_690,02 - FRA,Light,geöffnet,,M. Schmelzer GmbH,Berliner Strasse 130,66424,Homburg,Saarland,49.340166,7.345005,(06841),4000,,,pb690@franchise.euromaster.com,Marco Schmelzer,,RL_11,"Kin, Nazaret","Erdmann, Ronny",,,,
D_685,02 - FRA,Light,geöffnet,,"RRS Reifen, Räder Schnelldienst GmbH",Lilienthalstr. 14,30179,Hannover,Niedersachsen,9.740140983,52.42067723,(0511),3730978,,,pb685@franchise.euromaster.com,Engin Yilmaz,,RL_06,"Duvigneau, Stephan","Blank, Michael",,,,
D_640,02 - FRA,Light,geöffnet,,Banana Wheels GmbH,Raiffeisen Straße 4,61191,Rosbach vor der Höhe,Hessen,8.688358063,50.29327704,(06003),3400,,,pb640@franchise.euromaster.com,Najem Bouhnouf,,RL_10,"Teige, Eric","Erdmann, Ronny",,,,
D_673,02 - FRA,Light,geöffnet,,Auto Oberfrank KFZ-Meisterbetrieb,Gewerbepark Ost 27,86690,Mertingen,Bayern,10.8241,48.66331,(09078),9123188,,,pb673@franchise.euromaster.com,Ulrich Oberfrank,,RL_13,"Ehrlinger, Steffen","Erdmann, Ronny",,,,
D_643,02 - FRA,Light,geöffnet,,TCS GmbH,Gewerbestr. 10,75015,Bretten-Gölshausen,Baden-Württemberg,49.04591,8.729823,(07252),2374,,,pb643@franchise.euromaster.com,Noel Olpp,,RL_12,"Willmann, Sascha","Erdmann, Ronny",,,,
D_206,02 - FRA,Light,geöffnet,,Autozentrum Bläse GmbH,Am Speicher 3,02977,Hoyerswerda,Sachsen,51.457488,14.266165,(03571),48900,,,pb206@franchise.euromaster.com,Kristin Bläse,,RL_03,"Abram, Marcus","Blank, Michael",,,,